<?xml version='1.0' encoding='UTF-8'?>
<!-- Copyright Yahoo. Licensed under the terms of the Apache 2.0 license. See LICENSE in the project root. -->
<services version="1.0" xmlns:deploy="vespa" xmlns:preprocess="properties">

  <container id='default' version='1.0'>
    <search>
      <chain id='user' inherits='vespa'>
        <searcher bundle='news-recommendation-searcher' id='ai.vespa.example.UserProfileSearcher' />
<!--        <searcher bundle='news-recommendation-searcher' id='ai.vespa.example.SimpleSearcher' />-->
      </chain>
    </search>
    <document-api></document-api>
    <nodes>
      <node hostalias='node1'></node>
    </nodes>
  </container>

  <content id='mind' version='1.0'>
    <redundancy>2</redundancy>
    <documents>
      <document type='news' mode="index"/>
      <document type='user' mode="index"/>
    </documents>
    <nodes>
      <node hostalias="node1" distribution-key="0" />
    </nodes>
  </content>

</services>
